data_point (in min),surface_coverage (in %),standard_deviation (in %)
0,0,0
2,3,0.73819
5.5,51,2.9242
6,65.99,2.38343
6.5,78,2.42453
15,95,4.71513
27,100,0.70711
